{"i":1000,"val_loss_history":[1.6598279078801],"val_loss_history_it":[1000],"forward_backward_times":{},"opt":{"max_epochs":50,"checkpoint_every":1000,"batch_size":50,"memory_benchmark":0,"init_from":"","grad_clip":5,"model_type":"lstm","lr_decay_every":5,"print_every":1,"wordvec_size":64,"seq_length":50,"input_json":"data\/villes.json","num_layers":2,"input_h5":"data\/villes.h5","reset_iterations":1,"rnn_size":128,"dropout":0,"checkpoint_name":"cv\/checkpoint","batchnorm":0,"learning_rate":0.002,"speed_benchmark":0,"gpu_backend":"cuda","lr_decay_factor":0.5,"gpu":-1},"train_loss_history":[4.4191708564758,4.3490500450134,4.2313203811646,4.0502252578735,3.8602573871613,3.7235922813416,3.5791707038879,3.5148792266846,3.4452621936798,3.4082643985748,3.3845837116241,3.3956522941589,3.3826003074646,3.3900692462921,3.3642647266388,3.3652446269989,3.3480503559113,3.3251683712006,3.346649646759,3.3347816467285,3.3186213970184,3.3391292095184,3.3253126144409,3.3360719680786,3.3660235404968,3.3257129192352,3.3088428974152,3.3040027618408,3.295273065567,3.3010647296906,3.291006565094,3.3051519393921,3.2895781993866,3.2789797782898,3.256424665451,3.2621092796326,3.2374877929688,3.2275462150574,3.2300696372986,3.2103595733643,3.2088832855225,3.2377853393555,3.1837296485901,3.1935596466064,3.1657991409302,3.1954889297485,3.1389219760895,3.149076461792,3.1070160865784,3.1077079772949,3.0381519794464,3.0434947013855,3.0281946659088,2.9960694313049,2.9667437076569,2.9463658332825,2.9494035243988,2.9084522724152,2.9269344806671,2.8582692146301,2.8590450286865,2.840812921524,2.8495001792908,2.8125944137573,2.765282869339,2.8064079284668,2.7205667495728,2.7065737247467,2.7762680053711,2.6559073925018,2.6775641441345,2.6706731319427,2.6408665180206,2.6433153152466,2.5883719921112,2.5925419330597,2.5744144916534,2.5484440326691,2.5711097717285,2.6091895103455,2.5600442886353,2.5449116230011,2.5188360214233,2.5553817749023,2.5362241268158,2.5525314807892,2.4946067333221,2.5463387966156,2.5577108860016,2.5731799602509,2.5053372383118,2.4697325229645,2.4711909294128,2.4448342323303,2.4408805370331,2.4304428100586,2.4315266609192,2.3652451038361,2.3345401287079,2.3470015525818,2.3819353580475,2.3632504940033,2.3638260364532,2.3468832969666,2.3441934585571,2.3269400596619,2.3637661933899,2.3284871578217,2.3094639778137,2.3237218856812,2.3325462341309,2.3401939868927,2.3394916057587,2.3004007339478,2.2536120414734,2.2439095973969,2.2758772373199,2.2212870121002,2.2670428752899,2.2216112613678,2.2704684734344,2.2675559520721,2.273063659668,2.2732210159302,2.2710933685303,2.214329957962,2.2437734603882,2.2181398868561,2.1807730197906,2.1934540271759,2.2278618812561,2.2053372859955,2.1872932910919,2.2063615322113,2.208126783371,2.2046587467194,2.2097961902618,2.1930394172668,2.2034687995911,2.1558728218079,2.1681876182556,2.1484909057617,2.14413022995,2.1679711341858,2.188004732132,2.2137415409088,2.1719682216644,2.2106735706329,2.2808978557587,2.2275595664978,2.1908135414124,2.189074754715,2.1878755092621,2.2011947631836,2.2624566555023,2.1979012489319,2.2442035675049,2.1982142925262,2.1854627132416,2.2018549442291,2.1917757987976,2.1577672958374,2.2213139533997,2.1865921020508,2.2347159385681,2.1946823596954,2.1794676780701,2.1989028453827,2.1793346405029,2.178811788559,2.1765110492706,2.1633381843567,2.1752941608429,2.2147243022919,2.1699516773224,2.1996147632599,2.1328055858612,2.1393377780914,2.1417999267578,2.1153013706207,2.1405725479126,2.1349174976349,2.1281599998474,2.08931016922,2.1017780303955,2.1015770435333,2.081371307373,2.0533037185669,2.0673110485077,2.0986857414246,2.0790195465088,2.0624113082886,2.1412847042084,2.1044030189514,2.145524263382,2.1212630271912,2.1284408569336,2.0751647949219,2.110967874527,2.084704875946,2.1055121421814,2.110547542572,2.0827729701996,2.033118724823,2.0719313621521,2.0876204967499,2.0494298934937,2.0908663272858,2.0653963088989,2.0769708156586,2.0592029094696,2.0445072650909,2.019248008728,2.0363538265228,2.049126625061,1.9969197511673,2.0099561214447,2.0733835697174,1.9925496578217,2.0441825389862,2.0189366340637,1.986621260643,2.0167782306671,2.0052042007446,1.9855192899704,1.9917904138565,1.9600994586945,2.0079784393311,2.0885035991669,2.0495710372925,2.0300450325012,2.0176498889923,2.0455582141876,2.0401740074158,2.0614452362061,2.0166473388672,2.0710983276367,2.0893106460571,2.1153266429901,2.0393106937408,1.9997663497925,2.0062658786774,1.9859240055084,1.9819058179855,2.0056035518646,1.9829416275024,1.9716988801956,1.9134150743484,1.9676855802536,1.9812111854553,1.9718540906906,1.9869720935822,1.9683425426483,1.9743193387985,1.9746356010437,1.9981677532196,1.9473365545273,1.940780878067,1.9426580667496,1.9769504070282,1.9755724668503,1.9793382883072,1.9179409742355,1.910445690155,1.9294281005859,1.9519931077957,1.8986777067184,1.9512060880661,1.9011918306351,1.9474734067917,1.9331656694412,1.9597324132919,1.9823726415634,1.9754512310028,1.9167648553848,1.9584580659866,1.9404655694962,1.9109771251678,1.9256212711334,1.9149895906448,1.9292718172073,1.8977675437927,1.9380674362183,1.9163970947266,1.925384759903,1.9656780958176,1.9350476264954,1.9361822605133,1.9031327962875,1.9177576303482,1.8965451717377,1.901972413063,1.9476318359375,1.9665142297745,1.9782148599625,1.9494898319244,1.982724070549,2.0635251998901,2.0175428390503,1.953991651535,1.9775974750519,1.9925521612167,1.9896310567856,2.0710217952728,2.0000464916229,2.0558650493622,1.9965325593948,1.984566450119,2.0122683048248,2.0129868984222,1.9632048606873,2.0434296131134,1.9793535470963,2.0365281105042,2.007851600647,2.0126235485077,2.0177316665649,1.9978703260422,2.0012443065643,1.9824097156525,1.9694240093231,1.9888451099396,2.051696062088,1.9985159635544,2.0390405654907,1.9609586000443,1.9583424329758,1.9685484170914,1.922248005867,1.9840207099915,1.9655029773712,1.973369717598,1.9224256277084,1.9626240730286,1.9323087930679,1.9055505990982,1.886035323143,1.9108593463898,1.9307869672775,1.8992470502853,1.9063665866852,1.9986201524734,1.9490116834641,1.9963198900223,1.984267950058,1.9878288507462,1.9240226745605,1.9619271755219,1.9495595693588,1.9600224494934,1.9779044389725,1.954879283905,1.8972804546356,1.9516714811325,1.9517583847046,1.9152392148972,1.9649257659912,1.9464628696442,1.9464949369431,1.9493650197983,1.9299136400223,1.8967260122299,1.9155335426331,1.912535905838,1.8554317951202,1.8924478292465,1.9429500102997,1.8747669458389,1.9175171852112,1.8937923908234,1.8766474723816,1.898601770401,1.9005521535873,1.8648611307144,1.8725513219833,1.8195760250092,1.8875325918198,1.9593898057938,1.9214222431183,1.915186882019,1.911713719368,1.9325519800186,1.92431640625,1.9481592178345,1.8990396261215,1.9595237970352,1.9694249629974,2.0043289661407,1.921108007431,1.8878849744797,1.8887196779251,1.8735181093216,1.8686681985855,1.8919637203217,1.8569785356522,1.872859120369,1.8074094057083,1.8643217086792,1.8696074485779,1.8666380643845,1.8990316390991,1.8679935932159,1.8721364736557,1.881819486618,1.8945195674896,1.8462623357773,1.8433541059494,1.8349447250366,1.8727620840073,1.8544627428055,1.8806835412979,1.814829826355,1.8101209402084,1.8382734060287,1.8503048419952,1.7943586111069,1.8500756025314,1.8116604089737,1.8504062891006,1.8238509893417,1.8703867197037,1.8927072286606,1.8714699745178,1.8196773529053,1.8705458641052,1.8459031581879,1.8187047243118,1.8303898572922,1.8119707107544,1.8314195871353,1.7945679426193,1.8426394462585,1.8152117729187,1.8400212526321,1.8737331628799,1.8447021245956,1.8403079509735,1.8162251710892,1.8231775760651,1.8039773702621,1.8220082521439,1.8646696805954,1.8861622810364,1.8908969163895,1.868922829628,1.902943611145,1.9821000099182,1.9368786811829,1.8631113767624,1.8975471258163,1.9195535182953,1.9090551137924,1.9921132326126,1.9220787286758,1.9853144884109,1.9205433130264,1.9068425893784,1.9375427961349,1.9449560642242,1.8841574192047,1.9807687997818,1.9002670049667,1.9632660150528,1.9345914125443,1.9501093626022,